s,#motifs,avg_n_matches,avg_n_features,median_probability,median_pvalue,#sig_motifs(≤0.01),significant,#sig_hochberg
30,53,"(np.float64(25.943396226415093), np.float64(26.1617859117069))","(np.float64(3.4716981132075473), np.float64(1.170203361434138))",2.0863711411860892e-07,2.3468834870578434e-58,50,94.33962264150944,50
60,61,"(np.float64(10.918032786885245), np.float64(10.432792981695126))","(np.float64(3.4098360655737703), np.float64(1.1456737345382972))",2.1593009320693948e-11,2.4802036438281013e-62,56,91.80327868852459,57
300,42,"(np.float64(3.5952380952380953), np.float64(3.901591443960596))","(np.float64(3.5238095238095237), np.float64(1.1313297860416889))",7.041888324295003e-36,3.1205896057188687e-114,42,100.0,42
600,26,"(np.float64(2.4615384615384617), np.float64(1.0288155998338762))","(np.float64(3.5), np.float64(1.104536101718726))",3.027741931742486e-49,2.97816870754445e-95,26,100.0,26
