s,#motifs,avg_n_matches,avg_n_features,median_probability,median_pvalue,#sig_motifs(≤0.01),significant,#sig_hochberg
30,100,"(np.float64(11.17), np.float64(16.38862317880821))","(np.float64(3.34), np.float64(0.535978289926679))",0.07288854578499113,0.9999999999999936,14,14.0,14
60,58,"(np.float64(14.810344827586206), np.float64(42.2699996872867))","(np.float64(2.8275862068965516), np.float64(0.6789551062460909))",0.006363516381579897,0.05549353514811543,28,48.275862068965516,28
300,4,"(np.float64(48.75), np.float64(32.42812565248465))","(np.float64(1.75), np.float64(0.9574271077563381))",0.08882925233667432,3.3893350726170717e-23,3,75.0,3
600,4,"(np.float64(22.25), np.float64(13.889444433333777))","(np.float64(2.0), np.float64(1.4142135623730951))",0.008612890294687123,7.4615856035332345e-37,4,100.0,4
