s,#motifs,avg_n_matches,avg_n_features,median_probability,median_pvalue,#sig_motifs(≤0.01),significant,#sig_hochberg
4,68,"(np.float64(40.76470588235294), np.float64(32.46036280825504))","(np.float64(1.0441176470588236), np.float64(0.20688330616678674))",0.004322048379518803,1.4943457430126916e-17,55,80.88235294117646,55
6,81,"(np.float64(17.91358024691358), np.float64(18.772451578619265))","(np.float64(1.0740740740740742), np.float64(0.26352313834736496))",0.0006553570909165369,3.065797055494522e-09,66,81.48148148148148,68
12,50,"(np.float64(12.14), np.float64(12.375106678575438))","(np.float64(1.14), np.float64(0.40456577881446565))",1.3244506784591213e-06,7.7423436038018855e-31,47,94.0,48
24,11,"(np.float64(3.6363636363636362), np.float64(0.8090398349558905))","(np.float64(1.0), np.float64(0.0))",1.979756556532285e-11,7.532389236941286e-30,11,100.0,11
