s,#motifs,avg_n_matches,avg_n_features,median_probability,median_pvalue,#sig_motifs(≤0.01),significant,#sig_hochberg
21,351,"(np.float64(4.584045584045584), np.float64(4.3005882173324865))","(np.float64(1.0541310541310542), np.float64(0.32058656050393436))",1.2391685080664252e-09,8.336455196122364e-23,351,100.0,351
43,136,"(np.float64(3.213235294117647), np.float64(1.8192716826625128))","(np.float64(1.088235294117647), np.float64(0.39385254310218815))",1.4195014150772086e-15,1.125042197737081e-37,136,100.0,136
130,29,"(np.float64(2.9310344827586206), np.float64(1.251599961271247))","(np.float64(1.4827586206896552), np.float64(0.9494618646961631))",4.849649794771083e-44,5.391450571858177e-164,29,100.0,29
217,12,"(np.float64(2.8333333333333335), np.float64(0.9374368665610922))","(np.float64(1.5833333333333333), np.float64(0.9962049198956221))",1.229308862209269e-74,1.8433851307283877e-221,12,100.0,12
