s,#motifs,avg_n_matches,avg_n_features,median_probability,median_pvalue,#sig_motifs(≤0.01),significant,#sig_hochberg
4,26,"(np.float64(23.53846153846154), np.float64(23.99705110088449))","(np.float64(2.4615384615384617), np.float64(0.508391127441794))",4.750889180633743e-05,3.353852554326828e-19,23,88.46153846153847,23
6,13,"(np.float64(28.76923076923077), np.float64(24.399978982756817))","(np.float64(2.4615384615384617), np.float64(0.5188745216627708))",1.3942827144700441e-06,4.7984795785239125e-136,13,100.0,13
12,10,"(np.float64(18.1), np.float64(14.471811681103832))","(np.float64(2.7), np.float64(0.48304589153964794))",5.772241995179787e-11,2.0156216172835626e-118,10,100.0,10
24,7,"(np.float64(17.428571428571427), np.float64(15.16418085332607))","(np.float64(2.4285714285714284), np.float64(0.5345224838248488))",7.064493250241688e-23,6.78197655781292e-194,7,100.0,7
48,3,"(np.float64(19.0), np.float64(10.0))","(np.float64(2.6666666666666665), np.float64(0.5773502691896258))",3.6758348633808253e-47,0.0,3,100.0,3
