s,#motifs,avg_n_matches,avg_n_features,median_probability,median_pvalue,#sig_motifs(≤0.01),significant,#sig_hochberg
30,50,"(np.float64(17.08), np.float64(21.862128282974293))","(np.float64(3.34), np.float64(0.5928141120356123))",0.026663277024056468,0.9934945820919678,8,16.0,8
60,40,"(np.float64(18.4), np.float64(50.51569951446676))","(np.float64(2.7), np.float64(0.6484695987575828))",0.017481728052907736,3.296790747856615e-06,22,55.0,22
300,2,"(np.float64(27.0), np.float64(35.35533905932738))","(np.float64(2.5), np.float64(0.7071067811865476))",0.025066774859524826,4.338979493589494e-13,2,100.0,2
600,3,"(np.float64(28.666666666666668), np.float64(6.506407098647712))","(np.float64(1.3333333333333333), np.float64(0.5773502691896257))",0.005012024242360107,4.1564529589077155e-44,3,100.0,3
