s,#motifs,avg_n_matches,avg_n_features,median_probability,median_pvalue,#sig_motifs(≤0.01),significant,#sig_hochberg
21,100,"(np.float64(4.6), np.float64(2.238325492438714))","(np.float64(1.03), np.float64(0.17144660799776532))",9.915605604402024e-10,4.25585528379825e-29,100,100.0,100
43,30,"(np.float64(3.3), np.float64(0.5959634332684376))","(np.float64(1.0), np.float64(0.0))",4.635787274628959e-19,2.7556940540043093e-50,30,100.0,30
130,2,"(np.float64(3.0), np.float64(0.0))","(np.float64(1.0), np.float64(0.0))",8.916553555061784e-54,7.771078030950563e-154,2,100.0,2
