s,#motifs,avg_n_matches,avg_n_features,median_probability,median_pvalue,#sig_motifs(≤0.01),significant,#sig_hochberg
30,120,"(np.float64(36.46666666666667), np.float64(63.19583186624025))","(np.float64(2.658333333333333), np.float64(0.7614209773587175))",0.07283640387688772,1.0,24,20.0,24
60,51,"(np.float64(33.11764705882353), np.float64(84.30270388518353))","(np.float64(2.549019607843137), np.float64(0.7297595628752274))",0.048991126828029315,0.9516378761894547,20,39.21568627450981,20
300,11,"(np.float64(19.0), np.float64(29.52625949896126))","(np.float64(2.272727272727273), np.float64(1.1037127426019047))",3.0029131839205445e-07,3.6222215817660306e-14,10,90.9090909090909,10
600,9,"(np.float64(11.0), np.float64(13.647344063956181))","(np.float64(1.8888888888888888), np.float64(1.0540925533894598))",4.263707372981248e-07,1.2372546416126591e-21,9,100.0,9
