s,#motifs,avg_n_matches,avg_n_features,median_probability,median_pvalue,#sig_motifs(≤0.01),significant,#sig_hochberg
4,45,"(np.float64(63.0), np.float64(42.014066908379846))","(np.float64(1.0888888888888888), np.float64(0.28779903201415186))",0.01831261985527597,4.284755835489022e-15,36,80.0,39
6,82,"(np.float64(19.829268292682926), np.float64(25.282016679039454))","(np.float64(1.0365853658536586), np.float64(0.18889685938866624))",0.002001106611938335,7.366498643714761e-05,49,59.75609756097561,55
12,58,"(np.float64(13.89655172413793), np.float64(18.03475169228955))","(np.float64(1.0344827586206897), np.float64(0.18405922400991945))",1.3163805109102609e-05,1.3028730603995615e-12,53,91.37931034482759,53
24,69,"(np.float64(4.536231884057971), np.float64(3.4538116631140405))","(np.float64(1.0144927536231885), np.float64(0.12038585308576917))",2.3037807750638976e-09,1.5302651536566724e-22,68,98.55072463768116,69
